Doc_ID,File_Name,เรื่อง,File_Code,Category_Code,เลขที่ (Thai),หัวเรื่อง,ประเภทเอกสาร,วันที่มีผลบังคับใช้,วันที่สิ้นสุด,สถานะ
0008,แนวปฏิบัติ เรื่อง การบริหารความเสี่ยงด้านปฏิบัติการ,แนวปฏิบัติธนาคารแห่งประเทศไทย เรื่อง การบริหารความเสี่ยงด้านปฏิบัติการ,25510385.pdf,1,[],['สถาบันการเงิน'],['อื่น ๆ'],['2443-01-01 00:00:00'],['9999-12-31 00:00:00'],['ใช้อยู่ มีเอกสารเกี่ยวข้อง']
0058,แนวนโยบาย เรื่อง การกำกับดูแลข้อมูล (Data Governance),นำส่งแนวนโยบายธนาคารแห่งประเทศไทย เรื่อง การกำกับดูแลข้อมูล (Data Governance),25640163.pdf,1,['ธปท.ฝนส2.ว. 914/2564'],['สถาบันการเงิน'],"['อื่น ๆ', 'หนังสือเวียน']",['2443-01-01 00:00:00'],['9999-12-31 00:00:00'],['ใช้อยู่']
0050,สนส. 16/2563 หลักเกณฑ์การใช้บริการจากพันธมิตรทางธุรกิจ (business partner) ของสถาบันการเงิน,นำส่งประกาศธนาคารแห่งประเทศไทยจำนวน 3 ฉบับ (ประกาศ ธปท. ที่ สนส. 16/2563 business partner),25630228.pdf,1,"['สนส. 16/2563', 'ฝนส.(01)ว.34/2563  ']",['สถาบันการเงิน'],"['ประกาศ ธปท.', 'หนังสือเวียน']","['2563-09-04 00:00:00', '2443-01-01 00:00:00']",['9999-12-31 00:00:00'],['ใช้อยู่ มีเอกสารเกี่ยวข้อง']
0009,แนวปฏิบัติ เรื่อง การบริหารความต่อเนื่องทางธุรกิจ (Business Continuity Management : BCM) และการจัดทำแผนรองรับการดำเนินธุรกิจอย่างต่อเนื่อง (Business Continuity Plan : BCP) ของสถาบันการเงิน,แนวปฏิบัติธนาคารแห่งประเทศไทย เรื่อง การบริหารความต่อเนื่องทางธุรกิจ (Business Continuity Management : BCM) และการจัดทำแผนรองรับการดำเนินธุรกิจอย่างต่อเนื่อง (Business Continuity Plan : BCP) ของสถาบันการเงิน,25510386.pdf,1,[],['สถาบันการเงิน'],['อื่น ๆ'],['2443-01-01 00:00:00'],['9999-12-31 00:00:00'],['ใช้อยู่ มีเอกสารเกี่ยวข้อง']
0010,แนวปฏิบัติ เรื่อง การจัดทำแผนรองรับการดำเนินธุรกิจอย่างต่อเนื่องสำหรับกรณีการระบาดของโรคติดต่อร้ายแรง,แนวปฏิบัติธนาคารแห่งประเทศไทย เรื่อง การจัดทำแผนรองรับการดำเนินธุรกิจอย่างต่อเนื่องสำหรับกรณีการระบาดของโรคติดต่อร้ายแรง,25510387.pdf,1,[],['สถาบันการเงิน'],['อื่น ๆ'],['2443-01-01 00:00:00'],['9999-12-31 00:00:00'],['ใช้อยู่ มีเอกสารเกี่ยวข้อง']
0021,สนส. 8/2555 หลักเกณฑ์การออกตั๋วเงินของธนาคารพาณิชย์,หลักเกณฑ์การออกตั๋วเงินของธนาคารพาณิชย์,25550133.pdf,1,['สนส. 8/2555'],['สถาบันการเงิน'],['ประกาศ ธปท.'],['2555-07-02 00:00:00'],['9999-12-31 00:00:00'],['ใช้อยู่ มีเอกสารเกี่ยวข้อง']
0003,สนส. 47/2551 การกำหนดให้ธนาคารพาณิชย์ถือปฏิบัติเรื่องบัตรเงินฝาก,การกำหนดให้ธนาคารพาณิชย์ถือปฏิบัติเรื่องบัตรเงินฝาก ,25510337.pdf,1,['สนส.47/2551'],['สถาบันการเงิน'],['ประกาศ ธปท.'],['2551-08-04 00:00:00'],['9999-12-31 00:00:00'],['ใช้อยู่ มีเอกสารเกี่ยวข้อง']
0004,สนส. 48/2551 การกำหนดให้ธนาคารพาณิชย์และบริษัทเงินทุนปฏิบัติเกี่ยวกับการซื้อขายตั๋วเงิน ,การกำหนดให้ธนาคารพาณิชย์และบริษัทเงินทุนปฏิบัติเกี่ยวกับการซื้อขายตั๋วเงิน,25510338.pdf,1,['สนส.48/2551'],['สถาบันการเงิน'],['ประกาศ ธปท.'],['2551-08-04 00:00:00'],['9999-12-31 00:00:00'],['ใช้อยู่ มีเอกสารเกี่ยวข้อง']
0056,สนส. 10/2564 หลักเกณฑ์การรับฝากเงินหรือรับเงินจากประชาชนสำหรับบริษัทเงินทุนและบริษัทเครดิตฟองซิเอร์,นำส่งหลักเกณฑ์การรับฝากเงินหรือรับเงินจากประชาชนสำหรับบริษัทเงินทุนและบริษัทเครดิตฟองซิเอร์,25640140.pdf,1,"['สนส. 10/2564', 'ฝนส1.ว. 87/2564']",['สถาบันการเงิน'],"['ประกาศ ธปท.', 'หนังสือเวียน']","['2564-08-12 00:00:00', '2443-01-01 00:00:00']",['9999-12-31 00:00:00'],"['ใช้อยู่', 'ใช้อยู่ มีเอกสารเกี่ยวข้อง']"
0006,สนส. 65/2551 การกำหนดวันและเวลาทำการของบริษัทเงินทุนและบริษัทเครดิตฟองซิเอร์ ,การกำหนดวันและเวลาทำการของบริษัทเงินทุนและบริษัทเครดิตฟองซิเอร์,25510355.pdf,1,['สนส.65/2551'],['สถาบันการเงิน'],['ประกาศ ธปท.'],['2551-08-04 00:00:00'],['9999-12-31 00:00:00'],['ใช้อยู่ มีเอกสารเกี่ยวข้อง']
0049,สนส. 15/2563 หลักเกณฑ์เกี่ยวกับช่องทางให้บริการของธนาคารพาณิชย์ (banking channel),นำส่งประกาศธนาคารแห่งประเทศไทยจำนวน 3 ฉบับ (ประกาศ ธปท. ที่ สนส. 15/2563 banking channel) ,25630227.pdf,1,"['ฝนส.(01)ว.34/2563', 'สนส. 15/2563']",['สถาบันการเงิน'],"['ประกาศ ธปท.', 'หนังสือเวียน']","['2563-09-04 00:00:00', '2443-01-01 00:00:00']",['9999-12-31 00:00:00'],['ใช้อยู่ มีเอกสารเกี่ยวข้อง']
0051,สนส.17/2563 จำนวนและการนับจุดให้บริการของธนาคารพาณิชย์ที่เป็นบริษัทลูกของธนาคารพาณิชย์ต่างประเทศ และสาขาของธนาคารพาณิชย์ต่างประเทศ,นำส่งประกาศธนาคารแห่งประเทศไทยจำนวน 3 ฉบับ (ประกาศ ธปท. ที่ สนส. 17/2563 การนับจุดฯ),25630229.pdf,1,"['สนส. 17/2563', 'ฝนส.(01)ว.34/2563']",['สถาบันการเงิน'],"['ประกาศ ธปท.', 'หนังสือเวียน']","['2563-09-04 00:00:00', '2443-01-01 00:00:00']",['9999-12-31 00:00:00'],['ใช้อยู่ มีเอกสารเกี่ยวข้อง']
0005,สนส. 64/2551 หลักเกณฑ์การขออนุญาตมีสำนักงานอำนวยสินเชื่อของบริษัทเงินทุน,หลักเกณฑ์การขออนุญาตมีสำนักงานอำนวยสินเชื่อของบริษัทเงินทุน,25510354.pdf,1,['สนส.64/2551'],['สถาบันการเงิน'],['ประกาศ ธปท.'],['2551-08-04 00:00:00'],['9999-12-31 00:00:00'],['ใช้อยู่ มีเอกสารเกี่ยวข้อง']
0030,สนส. 5/2561 หลักเกณฑ์เกี่ยวกับการแต่งตั้งตัวแทนของบริษัทเงินทุน,นำส่งประกาศธนาคารแห่งประเทศไทยเรื่อง หลักเกณฑ์เกี่ยวกับการแต่งตั้งตัวแทนของบริษัทเงินทุน ,25610057.pdf,1,"['สนส.5/2561', 'ฝนส.(01)ว. 18/2561']",['สถาบันการเงิน'],"['ประกาศ ธปท.', 'หนังสือเวียน']","['2561-03-06 00:00:00', '2443-01-01 00:00:00']",['9999-12-31 00:00:00'],['ใช้อยู่']
0000,สนส. 27/2551 การอนุญาตให้บริษัทเงินทุนและบริษัทเครดิตฟองซิเอร์ให้บริการการเงินทางอิเล็กทรอนิกส์,การอนุญาตให้บริษัทเงินทุนและบริษัทเครดิตฟองซิเอร์ให้บริการการเงินทางอิเล็กทรอนิกส์,25510317.pdf,1,['สนส.27/2551'],['สถาบันการเงิน'],['ประกาศ ธปท.'],['2551-08-04 00:00:00'],['9999-12-31 00:00:00'],['ใช้อยู่ มีเอกสารเกี่ยวข้อง']
0038,สนส. 19/2562 หลักเกณฑ์การรู้จักลูกค้า (Know Your Customer: KYC) สำหรับการเปิดบัญชีเงินฝากของสถาบันการเงิน,นำส่งประกาศธนาคารแห่งประเทศไทย เรื่อง หลักเกณฑ์การรู้จักลูกค้า (Know Your Customer: KYC) สำหรับการเปิดบัญชีเงินฝากของสถาบันการเงิน,25620191.pdf,1,"['สนส. 19/2562', 'ฝนส.(23)ว. 1/2562']",['สถาบันการเงิน'],"['ประกาศ ธปท.', 'หนังสือเวียน']","['2562-09-03 00:00:00', '2443-01-01 00:00:00']",['9999-12-31 00:00:00'],['ใช้อยู่ มีเอกสารเกี่ยวข้อง']
0040,สนส. 21/2562 หลักเกณฑ์การกำกับดูแลความเสี่ยงด้านเทคโนโลยีสารสนเทศ (Information Technology Risk) ของสถาบันการเงิน,นำส่งประกาศธนาคารแห่งประเทศไทย เรื่อง หลักเกณฑ์การกำกับดูแลความเสี่ยงด้านเทคโนโลยีสารสนเทศ (Information Technology Risk) ของสถาบันการเงิน และแนวปฏิบัติการบริหารจัดการความเสี่ยงจากบุคคลภายนอก,25620272.pdf,1,"['สนส. 21/2562', 'ฝนส.(01)ว. 125/2562']",['สถาบันการเงิน'],"['ประกาศ ธปท.', 'หนังสือเวียน']",['2562-11-15 00:00:00'],['9999-12-31 00:00:00'],"['ใช้อยู่', 'ใช้อยู่ มีเอกสารเกี่ยวข้อง']"
0034,ธปท.ฝทง.ว. 311/2562 แนวทางการเข้าร่วมทดสอบและพัฒนานวัตกรรมที่นำเทศโนโลยีใหม่มาสนับสนุนการให้บริการทางการเงิน (Regulatory Sandbox),แนวปฏิบัติ เรื่อง แนวทางการเข้าร่วมทดสอบและพัฒนานวัตกรรมที่นำเทคโนโลยีใหม่มาสนับสนุนการให้บริการทางการเงิน (Regulatory Sandbox) ลงวันที่ 15 มีนาคม 2562,25620036.pdf,1,['ฝทง. ว. 311-312/2562  '],"['สถาบันการเงิน', 'ระบบการชำระเงิน']",['หนังสือเวียน'],['2562-03-15 00:00:00'],['9999-12-31 00:00:00'],['ใช้อยู่ มีเอกสารเกี่ยวข้อง']
0044,ธปท.ฝทง.ว. 760/2563 แนวปฏิบัติการใช้เทคโนโลยีชีวมิติ (Biometric Technology) ในการให้บริการทางการเงิน,นำส่งแนวปฏิบัติการใช้เทคโนโลยีชีวมิติ (Biometric Technology) ในการให้บริการทางการเงิน,25630177.pdf,1,['ธปท.ฝทง. ว. 760/2563'],"['สถาบันการเงิน', 'ระบบการชำระเงิน']","['อื่น ๆ', 'หนังสือเวียน']",['2443-01-01 00:00:00'],['9999-12-31 00:00:00'],['ใช้อยู่']
0055,ธปท.ฝทง.ว. 546/2564 แนวปฏิบัติการใช้เทคโนโลยีบล็อกเชน (Blockchain) ในการให้บริการทางการเงิน,นำส่งแนวปฏิบัติการใช้เทคโนโลยีบล็อกเชน (Blockchain) ในการให้บริการทางการเงิน,25640101.pdf,1,['ธปท.ฝทง. ว. 546/2564'],"['สถาบันการเงิน', 'ระบบการชำระเงิน']","['อื่น ๆ', 'หนังสือเวียน']",['2443-01-01 00:00:00'],['9999-12-31 00:00:00'],['ใช้อยู่']
0036,สนส. 6/2562 การจัดทำ จัดเก็บและจัดส่งข้อมูลอิเล็กทรอนิกส์ของสถาบันการเงิน,หนังสือเวียนนำส่งประกาศธนาคารแห่งประเทศไทย เรื่อง การจัดทำ จัดเก็บและจัดส่งข้อมูลอิเล็กทรอนิกส์ของสถาบันการเงิน,25620120.pdf,1,"['สนส. 6/2562', 'ธปท.ฝนส.(01)ว.70/2562']",['สถาบันการเงิน'],"['ประกาศ ธปท.', 'หนังสือเวียน']","['2443-01-01 00:00:00', '2562-07-01 00:00:00']",['9999-12-31 00:00:00'],"['ใช้อยู่', 'ใช้อยู่ มีเอกสารเกี่ยวข้อง']"
0027,สนส. 1/2559 หลักเกณฑ์เกี่ยวกับระยะเวลาการพิจารณาคำขออนุญาตของสถาบันการเงินตามพระราชบัญญัติธุรกิจสถาบันการเงิน พ.ศ. 2551,เรื่อง การออกประกาศธนาคารแห่งประเทศไทย เรื่อง หลักเกณฑ์เกี่ยวกับระยะเวลาการพิจารณาคำขออนุญาตของสถาบันการเงินตามพระราชบัญญัติธุรกิจสถาบันการเงิน พ.ศ. 2551,25590019.pdf,1,"['สนส.1/2559', 'ฝนส.(01)ว.2/2559']",['สถาบันการเงิน'],"['ประกาศ ธปท.', 'หนังสือเวียน']","['2443-01-01 00:00:00', '2559-01-29 00:00:00']",['9999-12-31 00:00:00'],['ใช้อยู่']
0028,สนส. 2/2559 หลักเกณฑ์เกี่ยวกับระยะเวลาการพิจารณาคำขออนุญาตของผู้ประกอบธุรกิจที่มิใช่สถาบันการเงินตามประกาศธนาคารแห่งประเทศไทยที่ออกตามประกาศกระทรวงการคลัง เรื่อง กิจการที่ต้องขออนุญาตตามข้อ 5 แห่งประกาศของคณะปฏิวัติฉบับที่ 58,การออกประกาศธนาคารแห่งประเทศไทย เรื่องหลักเกณฑ์เกี่ยวกับระยะเวลาการพิจารณาคำขออนุญาตของผู้ประกอบธุรกิจที่มิใช่สถาบันการเงินตามประกาศธนาคารแห่งประเทศไทยที่ออกตามประกาศกระทรวงการคลัง เรื่อง กิจการที่ต้องขออนุญาตตามข้อ 5 แห่งประกาศของคณะปฏิวัติฉบับที่ 58,25590020.pdf,1,"['สนส.2/2559', 'ฝนส.(01)ว.3/2559  ']",['สถาบันการเงิน'],"['ประกาศ ธปท.', 'หนังสือเวียน']","['2443-01-01 00:00:00', '2559-01-29 00:00:00']",['9999-12-31 00:00:00'],['ใช้อยู่']
0001,หลักประกันเป็นทรัพย์สินที่บริษัทเงินทุนต้องเรียก,หลักประกันเป็นทรัพย์สินที่บริษัทเงินทุนต้องเรียก,25510324.pdf,2,['สนส.34/2551'],['สถาบันการเงิน'],['ประกาศ ธปท.'],['2551-08-04 00:00:00'],['9999-12-31 00:00:00'],['ใช้อยู่ มีเอกสารเกี่ยวข้อง']
0002,หลักเกณฑ์์การกำกับการทำธุรกรรมกับผู้ถือหุ้นรายใหญ่ หรือกิจการที่มี ผลประโยชน์เกี่ยวข้อง (Related Lending),หลักเกณฑ์การกำกับการทำธุรกรรมกับผู้ถือหุ้นรายใหญ่ หรือกิจการที่มีผลประโยชน์เกี่ยวข้อง (Related Lending),25510326.pdf,2,['สนส.36/2551'],['สถาบันการเงิน'],['ประกาศ ธปท.'],['2551-08-04 00:00:00'],['9999-12-31 00:00:00'],['ใช้อยู่ มีเอกสารเกี่ยวข้อง']
0007,แนวนโยบายการบริหารความเสี่ยงของประเทศคู่สัญญา,แนวนโยบายของธนาคารแห่งประเทศไทย เรื่อง แนวนโยบายการบริหารความเสี่ยงของประเทศคู่สัญญา,25510381.pdf,2,[],['สถาบันการเงิน'],['อื่น ๆ'],['2443-01-01 00:00:00'],['9999-12-31 00:00:00'],['ใช้อยู่ มีเอกสารเกี่ยวข้อง']
0011,แนวทางการผ่อนผัน เป็นการชั่วคราวเกี่ยวกบัการดำเนินการตาม พระราชบัญญัติธุรกิจสถาบันการเงิน พ.ศ. 2551,แนวทางการผ่อนผันเป็นการชั่วคราวเกี่ยวกับการดำเนินการตามพระราชบัญญัติธุรกิจสถาบันการเงิน พ.ศ. 2551,25510440.pdf,2,['ธปท.ฝนส.(21)ว.1462/2551'],['สถาบันการเงิน'],['หนังสือเวียน'],['2443-01-01 00:00:00'],['9999-12-31 00:00:00'],['ใช้อยู่ มีเอกสารเกี่ยวข้อง']
0012,การผ่อนผันหลักเกณฑ์์การกำกับการทำธุรกรรมกับผู้ถือหุ้นรายใหญ่ หรือ กิจการที่มีผลประโยชน์เกี่ยวข้อง (Related Lending),การผ่อนผันหลักเกณฑ์การกำกับการทำธุรกรรมกับผู้ถือหุ้นรายใหญ่ หรือกิจการที่มีผลประโยชน์เกี่ยวข้อง (Related Lending),25510469.pdf,2,['สนส.85/2551'],['สถาบันการเงิน'],['ประกาศ ธปท.'],['2551-08-04 00:00:00'],['9999-12-31 00:00:00'],['ใช้อยู่ มีเอกสารเกี่ยวข้อง']
0013,แนวนโยบายการให้สินเชื่อแก่ภาคธุรกิจบางประเภท,แนวนโยบายการให้สินเชื่อแก่ภาคธุรกิจบางประเภท,25520039.pdf,2,['ธปท.ฝนส.(21)ว.481/2552  '],['สถาบันการเงิน'],"['อื่น ๆ', 'หนังสือเวียน']",['2443-01-01 00:00:00'],['9999-12-31 00:00:00'],['ใช้อยู่ มีเอกสารเกี่ยวข้อง']
0014,อสังหาริมทรัพย์รอการขาย,นำส่งประกาศธนาคารแห่งประเทศไทย เรื่อง อสังหาริมทรัพย์รอการขาย และเรื่อง หลักเกณฑ์การซื้อหรือมีไว้ซึ่งอสังหาริมทรัพย์เพื่อเป็นสถานที่สำหรับประกอบธุรกิจ หรือสำหรับพนักงานและลูกจ้างของสถาบันการเงิน,255203140.pdf,1,"['ธปท. ฝนส. (21) ว. 2596/2552', 'สนส.22/2552', 'สนส.23/2552']",['สถาบันการเงิน'],"['ประกาศ ธปท.', 'หนังสือเวียน']","['2443-01-01 00:00:00', '2552-01-01 00:00:00']",['9999-12-31 00:00:00'],['ใช้อยู่ มีเอกสารเกี่ยวข้อง']
0015,หลักเกณฑ์การซื้อหรือมีไวซ้่ึงอสังหาริมทรัพย์เพื่อเป็นสถานที่สำหรับประกอบ ธุรกิจหรือสำหรับพนักงานและลูกจ้างของสถาบันการเงิน,นำส่งประกาศธนาคารแห่งประเทศไทย เรื่อง อสังหาริมทรัพย์รอการขาย และเรื่อง หลักเกณฑ์การซื้อหรือมีไว้ซึ่งอสังหาริมทรัพย์เพื่อเป็นสถานที่สำหรับประกอบธุรกิจ หรือสำหรับพนักงานและลูกจ้างของสถาบันการเงิน,255203141.pdf,1,"['ธปท. ฝนส. (21) ว. 2596/2552', 'สนส.22/2552', 'สนส.23/2552']",['สถาบันการเงิน'],"['ประกาศ ธปท.', 'หนังสือเวียน']","['2443-01-01 00:00:00', '2552-01-01 00:00:00']",['9999-12-31 00:00:00'],['ใช้อยู่ มีเอกสารเกี่ยวข้อง']
0016,หลักเกณฑ์์การดำเนินงานในกิจการร่วมลงทุนเพื่อพัฒนาอสังหาริมทรัพย์รอ การขายของธนาคารพาณิชย์,นำส่งประกาศธนาคารแห่งประเทศไทย เรื่อง หลักเกณฑ์การดำเนินงานในกิจการร่วมลงทุนเพื่อพัฒนาอสังหาริมทรัพย์รอการขายของธนาคารพาณิชย์,25530133.pdf,2,"['สนส.5/2553', 'ฝนส.(23)ว.69/2553']",['สถาบันการเงิน'],"['ประกาศ ธปท.', 'หนังสือเวียน']",['2553-06-26 00:00:00'],['9999-12-31 00:00:00'],['ใช้อยู่ มีเอกสารเกี่ยวข้อง']
0017,ซักซ้อมความเข้าใจเกี่ยวกับการกันเงินสดรองสำหรับสินเชื่อที่มีสิทธิใน บำเหนี้็จตกทอดเป็นหลักทรัพย์ประกันการกู้เงิน,ซักซ้อมความเข้าใจเกี่ยวกับการกันเงินสำรองสำหรับสินเชื่อที่มีสิทธิในบำเหน็จตกทอดเป็นหลักทรัพย์ประกันการกู้เงิน,25540095.pdf,2,['ธปท. ฝนส. (23) ว. 846/2554  '],['สถาบันการเงิน'],['หนังสือเวียน'],['2443-01-01 00:00:00'],['9999-12-31 00:00:00'],['ใช้อยู่ มีเอกสารเกี่ยวข้อง']
0018,การให้สินเชื่อในลักษณะที่เล็งเห็นว่าจะเรียกคืนไม่ได้,การให้สินเชื่อในลักษณะที่เล็งเห็นว่าจะเรียกคืนไม่ได้,25540167.pdf,2,"['ที่ ธปท.ฝนส.(23) ว.1364/2554', 'ที่ สนส. 7/2554']",['สถาบันการเงิน'],"['ประกาศ ธปท.', 'หนังสือเวียน']",['2554-09-10 00:00:00'],['9999-12-31 00:00:00'],['ใช้อยู่ มีเอกสารเกี่ยวข้อง']
0019,การซักซ้อมความเข้าใจมาตรการการใหค้วามช่วยเหลือลูกหนี้้ีที่ได้รับ ผลกระทบจากอุทกภัย,การซักซ้อมความเข้าใจมาตรการการให้ความช่วยเหลือลูกหนี้ที่ได้รับผลกระทบจากอุทกภัย,25540206.pdf,2,['ธปท.ฝนส.(23) ว.1564/2554 '],['สถาบันการเงิน'],['หนังสือเวียน'],['2443-01-01 00:00:00'],['9999-12-31 00:00:00'],['ใช้อยู่ มีเอกสารเกี่ยวข้อง']
0020,หลักเกณฑ์การกำกับ ดูแลสินเชื่อที่ได้รับการคำประกันโดยบรรษัทประกันสินเชื่ออุตสาหกรรมขนาดย่อมแบบ Portfolio Guarantee Scheme,นำส่งประกาศธนาคารแห่งประเทศไทย เรื่อง หลักเกณฑ์การกำกับดูแลสินเชื่อที่ได้รับการค้ำประกันโดยบรรษัทประกันสินเชื่ออุตสาหกรรมขนาดย่อมแบบ Portfolio Guarantee Scheme ,25540268.pdf,2,"['ฝนส. (23) ว. 110/2554', 'สนส. 11/2554']",['สถาบันการเงิน'],"['ประกาศ ธปท.', 'หนังสือเวียน']",['2443-01-01 00:00:00'],['9999-12-31 00:00:00'],['ใช้อยู่ มีเอกสารเกี่ยวข้อง']
0022,แนวนโยบายการปรับปรุงโครงสร้างหนี้้ีลูกหนี้้ีที่ประสบอุทกภย,นำส่งแนวนโยบายการปรับปรุงโครงสร้างหนี้ลูกหนี้ที่ประสบอุทกภัย,25550182.pdf,2,['ฝนส. (23) ว.1306/2555  '],['สถาบันการเงิน'],"['อื่น ๆ', 'หนังสือเวียน']",['2443-01-01 00:00:00'],['9999-12-31 00:00:00'],['ใช้อยู่ มีเอกสารเกี่ยวข้อง']
0023,หลักเกณฑ์การกำกับลูกหนี้้ีรายใหญ่ (Single Lending Limit),หลักเกณฑ์การกำกับลูกหนี้รายใหญ่ (Single Lending Limit),25550350.pdf,2,"['ธปท.ฝนส.(23)ว. 8/2556', 'สนส. 22/2555']",['สถาบันการเงิน'],"['ประกาศ ธปท.', 'หนังสือเวียน']",['2556-01-01 00:00:00'],['9999-12-31 00:00:00'],['ใช้อยู่ มีเอกสารเกี่ยวข้อง']
0024,การอนุญาตให้ธนาคารพาณิชย์ทำธุรกรรมการถ่ายโอนหรือรับโอนความเสี่ยง ด้านเครดิต (Risk participation),การนำส่งประกาศธนาคารแห่งประเทศไทย เรื่อง การอนุญาตให้ธนาคารพาณิชย์ทำธุรกรรมการถ่ายโอนหรือรับโอนความเสี่ยงด้านเครดิต (Risk participation) ,25580004.pdf,2,"['ฝนส.(01)ว.2/2558', 'สนส.9/2557']",['สถาบันการเงิน'],"['ประกาศ ธปท.', 'หนังสือเวียน']",['2443-01-01 00:00:00'],['9999-12-31 00:00:00'],"['ใช้อยู่', 'ใช้อยู่ มีเอกสารเกี่ยวข้อง']"
0025,การแก้ไขหลักเกณฑ์์การนำหลักประกันประเภทเงินฝากบุคคลที่ 3 มาหักออก จากมูลหนี้้ีก่อนการกนั เงินสำรอง ปรับลดความเสี่ยงและคา นวณสินทรัพย์เสี่ยง ด้านเครดิต,การแก้ไขหลักเกณฑ์การนำหลักประกันประเภทเงินฝากบุคคลที่ 3 มาหักออกจากมูลหนี้ก่อนการกันเงินสำรอง ปรับลดความเสี่ยง และคำนวณสินทรัพย์เสี่ยงด้านเครดิต,25580050.pdf,2,['ธปท.ฝนส.(23)ว.314/2558'],['สถาบันการเงิน'],['หนังสือเวียน'],['2443-01-01 00:00:00'],['9999-12-31 00:00:00'],['ใช้อยู่ มีเอกสารเกี่ยวข้อง']
0026,การให้สินเชื่อ ทำธุรกรรมที่มีลกัษณะคล้ายการให้สินเชื่อ หรือประกนั หนี้้ีแก่ กรรมการ ผู้มีอำนาจในการจัดการของสถาบันการเงิน หรือผู้ที่เกี่ยวข้องกับ บุคคลดังกล่าว,นำส่งประกาศธนาคารแห่งประเทศไทย เรื่อง การให้สินเชื่อ ทำธุรกรรมที่มีลักษณะคล้ายการให้สินเชื่อ หรือประกันหนี้แก่กรรมการ ผู้มีอำนาจในการจัดการของสถาบันการเงิน หรือผู้ที่เกี่ยวข้องกับบุคคลดังกล่าว,25580069.pdf,2,"['สนส. 6/2558', 'ฝนส.(01)ว.22/2558']",['สถาบันการเงิน'],"['ประกาศ ธปท.', 'หนังสือเวียน']","['2443-01-01 00:00:00', '2558-03-28 00:00:00']",['9999-12-31 00:00:00'],['ใช้อยู่ มีเอกสารเกี่ยวข้อง']
0029,แนวนโยบายธนาคารแห่งประเทศไทย เรื่อง การทำธุรกรรมด้านสินเชื่อ การ ลงทุนในหลักทรัพย์ และการขายสินทรัพย์ของสถาบันการเงิน,นำส่งแนวนโยบายธนาคารแห่งประเทศไทย เรื่อง การทำธุรกรรมด้านสินเชื่อ การลงทุนในหลักทรัพย์,25610030.pdf,2,['ที่ ธปท.ฝนส.(23) ว. 176/2561'],['สถาบันการเงิน'],['หนังสือเวียน'],['2562-01-01 00:00:00'],['9999-12-31 00:00:00'],['ใช้อยู่ มีเอกสารเกี่ยวข้อง']
0031,หลักเกณฑ์์และวิธีการการลงทุนของสถาบันการเงิน,นำส่งประกาศธนาคารแห่งประเทศไทย เรื่อง หลักเกณฑ์และวิธีการลงทุนของสถาบันการเงิน,25610130.pdf,2,"['สนส. 7/2561', 'ฝนส.(01)ว. 31/2561']",['สถาบันการเงิน'],"['ประกาศ ธปท.', 'หนังสือเวียน']",['2561-05-09 00:00:00'],['9999-12-31 00:00:00'],['ใช้อยู่ มีเอกสารเกี่ยวข้อง']
0032,หลักเกณฑ์์การจัดชั้นหนี้ี้และการเงินสำรองของสถาบนัการเงิน,ประกาศธนาคารแห่งประเทศไทย ที่ สนส. 23/2561 เรื่อง  หลักเกณฑ์การจัดชั้นและการกันเงินสำรองของสถาบันการเงิน,25610276.pdf,2,['สนส. 23/2561'],['สถาบันการเงิน'],['ประกาศ ธปท.'],['2563-01-01 00:00:00'],['9999-12-31 00:00:00'],['ใช้อยู่ มีเอกสารเกี่ยวข้อง']
0033,แนวนโยบายการปรับปรุงโครงสร้างหนี้,แนวนโยบาย เรื่อง การปรับปรุงโครงสร้างหนี้,25610277.pdf,2,[],['สถาบันการเงิน'],['อื่น ๆ'],['2443-01-01 00:00:00'],['9999-12-31 00:00:00'],['ใช้อยู่ มีเอกสารเกี่ยวข้อง']
0035,แนวนโยบายการประเมินราคาหลักประกันและอสังหาริมทรัพย์รอการขายที่ ได้มาจากการรับชำระหนี้ี้การประกนัการให้สินเชื่อ หรือที่ซื้อมาจากการขาย ทอดตลาดของสถาบันการเงิน,นำส่งแนวนโยบายการประเมินราคาหลักประกันและอสังหาริมทรัพย์รอการขายที่ได้มาจากการรับชำระหนี้ การประกันการให้สินเชื่อ หรือที่ซื้อจากการขายทอดตลาดของสถาบันการเงิน,25620100.pdf,2,['ธปท.ฝนส.(23)ว. 575/2562'],['สถาบันการเงิน'],['หนังสือเวียน'],['2443-01-01 00:00:00'],['9999-12-31 00:00:00'],['ใช้อยู่ มีเอกสารเกี่ยวข้อง']
0037,นำส่งแนวนโยบาย เรื่อง แนวทางการพิจารณาผ่อนผันการกำ กับลูกหนี้้ีรายใหญ่แก่ กลุ่มธุรกิจที่มีศักยภาพและมีฐานะกิจการที่มั่นคงสำหรับธนาคารพาณิชย์,นำส่งแนวนโยบาย เรื่อง แนวทางการพิจารณาผ่อนผันการกำกับลูกหนี้รายใหญ่แก่กลุ่มธุรกิจที่มีศักยภาพและมีฐานะกิจการที่มั่นคงสำหรับธนาคารพาณิชย์,25620153.pdf,2,['ธปท.ฝกก.(12)ว.1030/2562'],['สถาบันการเงิน'],['หนังสือเวียน'],['2562-07-15 00:00:00'],['9999-12-31 00:00:00'],['ใช้อยู่ มีเอกสารเกี่ยวข้อง']
0039,ซักซ้อมความเข้าใจแนวทางบริหารเงินสำรองส่วนเกิน,ซักซ้อมความเข้าใจแนวทางการบริหารจัดการเงินสำรองส่วนเกิน,25620264.pdf,2,['ธปท.ฝนส.(23)ว.1603/2562'],['สถาบันการเงิน'],['หนังสือเวียน'],['2443-01-01 00:00:00'],['9999-12-31 00:00:00'],['ใช้อยู่']
0041,หลักเกณฑ์การดำรงเงินขั้นต่ำของสถาบนัการเงินและกลุ่มธุรกิจทางการเงิน,หนังสือเวียนนำส่งประกาศธนาคารแห่งประเทศไทย เรื่อง การดำรงเงินสำรองขั้นต่ำของสถาบันการเงินและกลุ่มธุรกิจทางการเงิน,25620307.pdf,2,[],['สถาบันการเงิน'],"['ประกาศ ธปท.', 'หนังสือเวียน']","['2443-01-01 00:00:00', '2563-01-01 00:00:00']",['9999-12-31 00:00:00'],['ใช้อยู่']
0042,หลักเกณฑ์์การกำกับดูแลสินเชื่อเพื่อที่อยู่อาศัยและสินเชื่ออื่นที่เกี่ยวเนื่องกับ สินเชื่อเพื่อที่อยู่อาศัย,นำส่งประกาศธนาคารแห่งประเทศไทย เรื่อง หลักเกณฑ์การกำกับดูแลสินเชื่อเพื่อที่อยู่อาศัยและสินเชื่ออื่นที่เกี่ยวเนื่องกับสินเชื่อเพื่อที่อยู่อาศัย,25630013.pdf,2,"['สนส. 1/2563', 'ฝนส.(01)ว. 1/2563']",['สถาบันการเงิน'],"['ประกาศ ธปท.', 'หนังสือเวียน']",['2563-01-20 00:00:00'],['9999-12-31 00:00:00'],"['ใช้อยู่', 'ใช้อยู่ มีเอกสารเกี่ยวข้อง']"
0043,การถือหรือมีหนี้่วยลงทุนในกองทุนรวมตราสารแห่งหนี้้ีเพื่อเสริมสภาพคล่อง ของตลาดการเงิน,นำส่งประกาศธนาคารแห่งประเทศไทย เรื่อง การถือหรือมีหน่วยลงทุนในกองทุนรวมตราสารแห่งหนี้เพื่อเสริมสภาพคล่องของตลาดการเงิน,25630071.pdf,2,"['สนส.6/2563', 'ฝนส(01)ว112563']",['สถาบันการเงิน'],"['ประกาศ ธปท.', 'หนังสือเวียน']","['2443-01-01 00:00:00', '2563-03-26 00:00:00']",['9999-12-31 00:00:00'],['ใช้อยู่']
0053,หลักเกณฑ์การกำกับ ดูแลโครงการแก้ไขปัญหาหนี้,หลักเกณฑ์การกำกับดูแลโครงการแก้ไขปัญหาหนี้,25630243.pdf,2,['สนส.20/2563'],['สถาบันการเงิน'],['ประกาศ ธปท.'],['2563-10-01 00:00:00'],['9999-12-31 00:00:00'],['ใช้อยู่ มีเอกสารเกี่ยวข้อง']
0054,แนวนโยบายธนาคารแห่งประเทศไทย เรื่อง การสอบทานธุรกรรมด้านสินเชื่อ ของสถาบันการเงิน,แนวนโยบายธนาคารแห่งประเทศไทย เรื่อง การสอบทานธุรกรรมด้านสินเชื่อของสถาบันการเงิน,25630261.pdf,2,['ธปท.ฝนส.(23)ว. 1121/2563'],['สถาบันการเงิน'],['อื่น ๆ'],['2443-01-01 00:00:00'],['9999-12-31 00:00:00'],['ใช้อยู่ มีเอกสารเกี่ยวข้อง']
0057,แนวทางการใหค้วามช่วยเหลือลูกหนี้้ีที่ไดร้ับผลกระทบจากโรคติดเช้ือไวรัส โคโรนา 2019 (มาตราการแก้หนี้อย่างยั่งยืน),หนังสือเวียน เรื่อง แนวทางการให้ความช่วยเหลือลูกหนี้ที่ได้รับผลกระทบจากโรคติดเชื้อไวรัสโคโรนา 2019 (มาตรการแก้หนี้อย่างยั่งยืน),25640156.pdf,2,['ฝนส2.ว.802/2564'],['สถาบันการเงิน'],['หนังสือเวียน'],['2443-01-01 00:00:00'],['9999-12-31 00:00:00'],['ใช้อยู่ มีเอกสารเกี่ยวข้อง']
0059,มาตรการกระตุ้นภาค อสังหาริมทรัพย์ในภาวะ การระบาดของโรคติดเชื้อไวรัสโคโรนา 2019,มาตรการกระตุ้นภาคอสังหาริมทรัพย์ในภาวะการระบาดของโรคติดเชื้อไวรัสโคโรนา 2019,25640186.pdf,2,['ธปท.ฝนส2.ว. 1004/2564'],['สถาบันการเงิน'],['หนังสือเวียน'],['2443-01-01 00:00:00'],['9999-12-31 00:00:00'],['ใช้อยู่']
0060,แนวทางการใหค้วามช่วยเหลือลูกหนี้้ีที่ไดร้ับผลกระทบจากโรคติดเช้ือไวรัสโค โรนา 2019 (มาตราการแก้หนี้ระยะยาวด้วยการรีไฟแนนส์(refinance) และการ รวมหนี้้ี(debt consolidation)),แนวทางการให้ความช่วยเหลือลูกหนี้ที่ได้รับผลกระทบจากโรคติดเชื้อไวรัสโคโรนา 2019 (มาตรการแก้หนี้ระยะยาวด้วยการรีไฟแนนซ์ (refinance) และการรวมหนี้ (debt consolidation)),25640203.pdf,2,['ธปท.ฝนส2.ว.1079/2564'],['สถาบันการเงิน'],['หนังสือเวียน'],['2443-01-01 00:00:00'],['9999-12-31 00:00:00'],['ใช้อยู่']
0061,กิจการที่ต้องขออนุญาตตามข้อ ๕ แห่งประกาศของคณะปฏิวัติฉบับที่ ๕๘ (เรื่อง สินเชื่อส่วนบุคคลภายใต้การกำกับ),กิจการที่ต้องขออนุญาตตามข้อ ๕ แห่งประกาศของคณะปฏิวัติฉบับที่ ๕๘ (เรื่อง สินเชื่อส่วนบุคคลภายใต้การกำกับ),746244.pdf,2,,,,,,
0062,กิจการที่ต้องขออนุญาติตามข้อ ๕ แห่งประกาศของคณะปฎิวัติ ฉบับที่ ๕๘ (เรื่องสินเชื่อรายย่อยเพื่อการประกอบอาชีพภายใต้การกำกับ),กิจการที่ต้องขออนุญาติตามข้อ ๕ แห่งประกาศของคณะปฎิวัติ ฉบับที่ ๕๘ (เรื่องสินเชื่อรายย่อยเพื่อการประกอบอาชีพภายใต้การกำกับ),746248.pdf,2,,,,,,
0063,กิจการที่ต้องขออนุญาติตามข้อ ๕ แห่งประกาศของคณะปฎิวัติ ฉบับที่ ๕๘ (เรื่องธุรกิจระบบหรือเครือข่ายอิเล็กทรอนิกส์สำหรับธุรกรรมสินเชื่อระหว่างบุคคลกับบุคคล),กิจการที่ต้องขออนุญาติตามข้อ ๕ แห่งประกาศของคณะปฎิวัติ ฉบับที่ ๕๘ (เรื่องธุรกิจระบบหรือเครือข่ายอิเล็กทรอนิกส์สำหรับธุรกรรมสินเชื่อระหว่างบุคคลกับบุคคล),863884.pdf,2,,,,,,
0045,นำส่งประกาศธนาคารแห่งประเทศไทย เรื่องกำหนด หลักเกณฑ์ วิธีการ และเงื่อนไขในการประกอบธุรกิจบัตรเครดิต,การกำหนดหลักเกณฑ์ วิธีการ และเงื่อนไขในการประกอบธุรกิจบัตรเครดิต,25630183.pdf,1,['สนส.11/2563'],['สถาบันการเงิน'],['ประกาศ ธปท.'],['2563-08-01 00:00:00'],['9999-12-31 00:00:00'],['ใช้อยู่ มีเอกสารเกี่ยวข้อง']
0046,การกำหนดหลักเกณฑ์ วิธีการ และเงื่อนไขในการประกอบธุรกิจสินเชื่อส่วนบุคคลภายใต้การกำกับ,การกำหนดหลักเกณฑ์ วิธีการ และเงื่อนไขในการประกอบธุรกิจสินเชื่อส่วนบุคคลภายใต้การกำกับ,25630184.pdf,1,['สนส.12/2563'],['สถาบันการเงิน'],['ประกาศ ธปท.'],['2563-08-01 00:00:00'],['9999-12-31 00:00:00'],['ใช้อยู่ มีเอกสารเกี่ยวข้อง']
0047,นำส่งประกาศธนาคารแห่งประเทศไทย เรื่องกำหนด หลักเกณฑ์ วิธีการ และเงื่อนไขในการประกอบธุรกิจสินเชื่อรายย่อยเพื่อการประกอบอาชีพภายใต้การกำกับ,การกำหนดหลักเกณฑ์ วิธีการ และเงื่อนไขในการประกอบธุรกิจสินเชื่อรายย่อยเพื่อการประกอบอาชีพภายใต้การกำกับ,25630185.pdf,1,['สนส.13/2563'],['สถาบันการเงิน'],['ประกาศ ธปท.'],['2563-08-01 00:00:00'],['9999-12-31 00:00:00'],['ใช้อยู่ มีเอกสารเกี่ยวข้อง']
0048,นำส่งประกาศธนาคารแห่งประเทศไทย เรื่องกำหนด หลักเกณฑ์ วิธีการ และเงื่อนไขในการประกอบธุรกิจระบบหรือเครือข่ายอิเล็กทรอนิกส์สำหรับธุรกรรมสินเชื่อระหว่างบุคคลกับบุคคล (peer to peer lending platform),การกำหนดหลักเกณฑ์ วิธีการ และเงื่อนไขในการประกอบธุรกิจระบบหรือเครือข่ายอิเล็กทรอนิกส์สำหรับธุรกรรมสินเชื่อระหว่างบุคคลกับบุคคล (peer to peer lending platform),25630186.pdf,1,['สนส. 14/2563'],['สถาบันการเงิน'],['ประกาศ ธปท.'],['2563-08-01 00:00:00'],['9999-12-31 00:00:00'],['ใช้อยู่ มีเอกสารเกี่ยวข้อง']
0052,หลักเกณฑ์ วิธีการ และเงื่อนไขในการประกอบธุรกิจสินเชื่อส่วนบุคคลดิจิทัล,หลักเกณฑ์ วิธีการ และเงื่อนไขในการประกอบธุรกิจสินเชื่อส่วนบุคคลดิจิทัล,25630236.pdf,1,['ธปท.ฝกส.(01)ว.977/2563'],['สถาบันการเงิน'],['หนังสือเวียน'],['2443-01-01 00:00:00'],['9999-12-31 00:00:00'],['ใช้อยู่']
0064,กิจการที่ต้องขออนุญาติตามข้อ ๕ แห่งประกาศของคณะปฎิวัติ ฉบับที่ ๕๘ (เรื่องธุรกิจบัตรเครดิต),กิจการที่ต้องขออนุญาติตามข้อ ๕ แห่งประกาศของคณะปฎิวัติ ฉบับที่ ๕๘ (เรื่องธุรกิจบัตรเครดิต),law9_01.pdf,2,,,,,,
